{
    "metrics": {
        "http_req_waiting": {
            "max": 48.283,
            "p(90)": 0.183,
            "p(95)": 0.245,
            "avg": 0.10523465521905424,
            "min": 0.019,
            "med": 0.074
        },
        "http_req_sending": {
            "p(90)": 0.003,
            "p(95)": 0.007,
            "avg": 0.004204942412462376,
            "min": 0.001,
            "med": 0.001,
            "max": 41.429
        },
        "vus": {
            "min": 0,
            "max": 10,
            "value": 10
        },
        "data_sent": {
            "count": 52664160,
            "rate": 4050868.6142323944
        },
        "iterations": {
            "count": 658302,
            "rate": 50635.857677904925
        },
        "http_req_duration": {
            "avg": 0.12416914425295479,
            "min": 0.024,
            "med": 0.083,
            "max": 78.583,
            "p(90)": 0.199,
            "p(95)": 0.268
        },
        "data_received": {
            "count": 421971582,
            "rate": 32457584.771537058
        },
        "http_req_duration{expected_response:true}": {
            "avg": 0.12416914425295479,
            "min": 0.024,
            "med": 0.083,
            "max": 78.583,
            "p(90)": 0.199,
            "p(95)": 0.268
        },
        "http_req_receiving": {
            "max": 78.284,
            "p(90)": 0.01,
            "p(95)": 0.016,
            "avg": 0.014729546621488404,
            "min": 0.003,
            "med": 0.004
        },
        "http_req_tls_handshaking": {
            "p(95)": 0,
            "avg": 0,
            "min": 0,
            "med": 0,
            "max": 0,
            "p(90)": 0
        },
        "iteration_duration": {
            "p(90)": 0.222625,
            "p(95)": 0.30304194999999995,
            "avg": 0.1465075148655186,
            "min": 0.030917,
            "med": 0.096041,
            "max": 78.611792
        },
        "http_req_blocked": {
            "med": 0,
            "max": 11.097,
            "p(90)": 0.001,
            "p(95)": 0.001,
            "avg": 0.001003647262193564,
            "min": 0
        },
        "http_req_connecting": {
            "med": 0,
            "max": 1.088,
            "p(90)": 0,
            "p(95)": 0,
            "avg": 0.000008518886468520526,
            "min": 0
        },
        "http_reqs": {
            "count": 658302,
            "rate": 50635.857677904925
        },
        "vus_max": {
            "value": 10,
            "min": 10,
            "max": 10
        },
        "http_req_failed": {
            "passes": 0,
            "fails": 658302,
            "value": 0
        }
    },
    "root_group": {
        "name": "",
        "path": "",
        "id": "d41d8cd98f00b204e9800998ecf8427e",
        "groups": {},
        "checks": {}
    }
}