{
    "root_group": {
        "name": "",
        "path": "",
        "id": "d41d8cd98f00b204e9800998ecf8427e",
        "groups": {},
        "checks": {}
    },
    "metrics": {
        "vus": {
            "value": 10,
            "min": 0,
            "max": 10
        },
        "http_req_receiving": {
            "med": 0.018033,
            "max": 47.033846,
            "p(90)": 0.060633,
            "p(95)": 0.100027,
            "avg": 0.05561331249105118,
            "min": 0.007845
        },
        "data_received": {
            "count": 49248671,
            "rate": 3787994.599572261
        },
        "http_req_connecting": {
            "max": 0.935148,
            "p(90)": 0,
            "p(95)": 0,
            "avg": 0.00006369225963478284,
            "min": 0,
            "med": 0
        },
        "http_req_duration": {
            "med": 0.79815,
            "max": 47.289032,
            "p(90)": 2.529935,
            "p(95)": 3.742925,
            "avg": 1.2250486284962987,
            "min": 0.090559
        },
        "http_req_waiting": {
            "min": 0.063236,
            "med": 0.748518,
            "max": 31.626107,
            "p(90)": 2.405983,
            "p(95)": 3.5527965,
            "avg": 1.1492483710741832
        },
        "iterations": {
            "count": 76831,
            "rate": 5909.507955650954
        },
        "http_req_sending": {
            "avg": 0.02018694493108246,
            "min": 0.002925,
            "med": 0.006942,
            "max": 20.887211,
            "p(90)": 0.011371,
            "p(95)": 0.02704
        },
        "http_req_tls_handshaking": {
            "p(90)": 0,
            "p(95)": 0,
            "avg": 0,
            "min": 0,
            "med": 0,
            "max": 0
        },
        "http_reqs": {
            "count": 76831,
            "rate": 5909.507955650954
        },
        "http_req_failed": {
            "passes": 0,
            "fails": 76831,
            "value": 0
        },
        "data_sent": {
            "count": 6146480,
            "rate": 472760.63645207626
        },
        "vus_max": {
            "value": 10,
            "min": 10,
            "max": 10
        },
        "iteration_duration": {
            "p(90)": 2.622057,
            "p(95)": 3.8495505,
            "avg": 1.2874825562858863,
            "min": 0.123691,
            "med": 0.850487,
            "max": 47.330299
        },
        "http_req_duration{expected_response:true}": {
            "p(95)": 3.742925,
            "avg": 1.2250486284962987,
            "min": 0.090559,
            "med": 0.79815,
            "max": 47.289032,
            "p(90)": 2.529935
        },
        "http_req_blocked": {
            "p(90)": 0.002114,
            "p(95)": 0.002725,
            "avg": 0.0034530419622288747,
            "min": 0.00059,
            "med": 0.001603,
            "max": 10.549824
        }
    }
}