{
    "root_group": {
        "name": "",
        "path": "",
        "id": "d41d8cd98f00b204e9800998ecf8427e",
        "groups": {},
        "checks": {}
    },
    "metrics": {
        "http_req_receiving": {
            "avg": 0.039168270572884745,
            "min": 0.011672,
            "med": 0.028614,
            "max": 8.018125,
            "p(90)": 0.051250500000000004,
            "p(95)": 0.05812125
        },
        "http_req_failed": {
            "passes": 0,
            "fails": 32956,
            "value": 0
        },
        "iterations": {
            "count": 32956,
            "rate": 2533.309844169191
        },
        "vus": {
            "value": 10,
            "min": 0,
            "max": 10
        },
        "http_req_duration{expected_response:true}": {
            "avg": 2.963845617945164,
            "min": 0.297415,
            "med": 2.225727,
            "max": 35.957811,
            "p(90)": 4.4909485,
            "p(95)": 5.58347575
        },
        "http_req_tls_handshaking": {
            "avg": 0,
            "min": 0,
            "med": 0,
            "max": 0,
            "p(90)": 0,
            "p(95)": 0
        },
        "http_req_waiting": {
            "med": 2.1768954999999997,
            "max": 35.880496,
            "p(90)": 4.4420459999999995,
            "p(95)": 5.5125655,
            "avg": 2.911558411457709,
            "min": 0.267139
        },
        "vus_max": {
            "value": 10,
            "min": 10,
            "max": 10
        },
        "http_req_duration": {
            "avg": 2.963845617945164,
            "min": 0.297415,
            "med": 2.225727,
            "max": 35.957811,
            "p(90)": 4.4909485,
            "p(95)": 5.58347575
        },
        "iteration_duration": {
            "avg": 3.0259799005947015,
            "min": 0.339793,
            "med": 2.2894555,
            "max": 37.449144,
            "p(90)": 4.560218,
            "p(95)": 5.6570005000000005
        },
        "http_req_connecting": {
            "max": 1.365378,
            "p(90)": 0,
            "p(95)": 0,
            "avg": 0.00013936372739410124,
            "min": 0,
            "med": 0
        },
        "http_reqs": {
            "count": 32956,
            "rate": 2533.309844169191
        },
        "data_received": {
            "count": 25310208,
            "rate": 1945581.9603219386
        },
        "http_req_blocked": {
            "p(95)": 0.002756,
            "avg": 0.002800701511105675,
            "min": 0.000661,
            "med": 0.001894,
            "max": 1.980551,
            "p(90)": 0.002234
        },
        "http_req_sending": {
            "avg": 0.01311893591455267,
            "min": 0.003246,
            "med": 0.008095,
            "max": 7.974765,
            "p(90)": 0.009638,
            "p(95)": 0.032072500000000004
        },
        "data_sent": {
            "count": 2636480,
            "rate": 202664.78753353527
        }
    }
}