{
    "root_group": {
        "name": "",
        "path": "",
        "id": "d41d8cd98f00b204e9800998ecf8427e",
        "groups": {},
        "checks": {}
    },
    "metrics": {
        "vus": {
            "max": 10,
            "value": 10,
            "min": 0
        },
        "http_req_waiting": {
            "p(95)": 2.637188,
            "avg": 1.133164028607063,
            "min": 0.098003,
            "med": 0.875279,
            "max": 26.219903,
            "p(90)": 2.1178315000000003
        },
        "http_req_receiving": {
            "avg": 0.048436543244400006,
            "min": 0.01044,
            "med": 0.019326,
            "max": 19.272276,
            "p(90)": 0.027311,
            "p(95)": 0.03954075
        },
        "http_reqs": {
            "count": 79386,
            "rate": 6106.156273998046
        },
        "http_req_duration": {
            "avg": 1.1939389130325182,
            "min": 0.127137,
            "med": 0.9102195,
            "max": 26.446536,
            "p(90)": 2.209201,
            "p(95)": 2.8066005
        },
        "http_req_sending": {
            "p(95)": 0.00939475,
            "avg": 0.012338341181065122,
            "min": 0.003035,
            "med": 0.007344,
            "max": 16.326583,
            "p(90)": 0.008495
        },
        "data_received": {
            "count": 55808358,
            "rate": 4292627.860620626
        },
        "http_req_failed": {
            "passes": 0,
            "fails": 79386,
            "value": 0
        },
        "http_req_tls_handshaking": {
            "p(95)": 0,
            "avg": 0,
            "min": 0,
            "med": 0,
            "max": 0,
            "p(90)": 0
        },
        "iteration_duration": {
            "p(90)": 2.278692,
            "p(95)": 2.9175222499999998,
            "avg": 1.2484125306351321,
            "min": 0.162724,
            "med": 0.9513665,
            "max": 26.760722
        },
        "http_req_blocked": {
            "p(95)": 0.00222475,
            "avg": 0.0026943004308064146,
            "min": 0.000641,
            "med": 0.001703,
            "max": 7.120921,
            "p(90)": 0.002013
        },
        "iterations": {
            "count": 79386,
            "rate": 6106.156273998046
        },
        "vus_max": {
            "value": 10,
            "min": 10,
            "max": 10
        },
        "http_req_duration{expected_response:true}": {
            "avg": 1.1939389130325182,
            "min": 0.127137,
            "med": 0.9102195,
            "max": 26.446536,
            "p(90)": 2.209201,
            "p(95)": 2.8066005
        },
        "data_sent": {
            "count": 6350880,
            "rate": 488492.5019198437
        },
        "http_req_connecting": {
            "avg": 0.000060114151109767454,
            "min": 0,
            "med": 0,
            "max": 0.864953,
            "p(90)": 0,
            "p(95)": 0
        }
    }
}