{
    "metrics": {
        "http_req_blocked": {
            "avg": 0.0005067286473973928,
            "min": 0,
            "med": 0,
            "max": 2.391,
            "p(90)": 0.001,
            "p(95)": 0.001
        },
        "http_req_waiting": {
            "med": 0.482,
            "max": 27.528,
            "p(90)": 0.948,
            "p(95)": 1.024,
            "avg": 0.5800509833713373,
            "min": 0.074
        },
        "http_req_duration": {
            "max": 27.584,
            "p(90)": 0.957,
            "p(95)": 1.035,
            "avg": 0.589777020101553,
            "min": 0.086,
            "med": 0.49
        },
        "vus_max": {
            "value": 10,
            "min": 10,
            "max": 10
        },
        "data_received": {
            "count": 127378944,
            "rate": 9797906.99341601
        },
        "http_req_tls_handshaking": {
            "min": 0,
            "med": 0,
            "max": 0,
            "p(90)": 0,
            "p(95)": 0,
            "avg": 0
        },
        "data_sent": {
            "count": 13268640,
            "rate": 1020615.3118141677
        },
        "iteration_duration": {
            "p(95)": 1.046625,
            "avg": 0.6004847173124046,
            "min": 0.097958,
            "med": 0.500375,
            "max": 30.435916,
            "p(90)": 0.967208
        },
        "http_req_sending": {
            "p(95)": 0.003,
            "avg": 0.001785063126290347,
            "min": 0.001,
            "med": 0.001,
            "max": 1.406,
            "p(90)": 0.002
        },
        "http_reqs": {
            "count": 165858,
            "rate": 12757.691397677096
        },
        "iterations": {
            "count": 165858,
            "rate": 12757.691397677096
        },
        "http_req_connecting": {
            "avg": 0.00005909271786709114,
            "min": 0,
            "med": 0,
            "max": 2.349,
            "p(90)": 0,
            "p(95)": 0
        },
        "vus": {
            "min": 0,
            "max": 10,
            "value": 10
        },
        "http_req_receiving": {
            "p(90)": 0.011,
            "p(95)": 0.013,
            "avg": 0.007940973603927646,
            "min": 0.004,
            "med": 0.007,
            "max": 2.534
        },
        "http_req_duration{expected_response:true}": {
            "avg": 0.589777020101553,
            "min": 0.086,
            "med": 0.49,
            "max": 27.584,
            "p(90)": 0.957,
            "p(95)": 1.035
        },
        "http_req_failed": {
            "passes": 0,
            "fails": 165858,
            "value": 0
        }
    },
    "root_group": {
        "groups": {},
        "checks": {},
        "name": "",
        "path": "",
        "id": "d41d8cd98f00b204e9800998ecf8427e"
    }
}