{
    "metrics": {
        "http_req_tls_handshaking": {
            "min": 0,
            "med": 0,
            "max": 0,
            "p(90)": 0,
            "p(95)": 0,
            "avg": 0
        },
        "data_received": {
            "count": 297006252,
            "rate": 22844323.97799761
        },
        "http_reqs": {
            "rate": 32495.482187763315,
            "count": 422484
        },
        "http_req_duration": {
            "max": 13.831,
            "p(90)": 0.345,
            "p(95)": 0.434,
            "avg": 0.2225328746177171,
            "min": 0.032,
            "med": 0.17
        },
        "http_req_blocked": {
            "med": 0,
            "max": 1.113,
            "p(90)": 0.001,
            "p(95)": 0.001,
            "avg": 0.000558388009961493,
            "min": 0
        },
        "data_sent": {
            "count": 33798720,
            "rate": 2599638.5750210653
        },
        "vus_max": {
            "value": 10,
            "min": 10,
            "max": 10
        },
        "http_req_connecting": {
            "p(95)": 0,
            "avg": 0.000021333352268961665,
            "min": 0,
            "med": 0,
            "max": 1.047,
            "p(90)": 0
        },
        "iteration_duration": {
            "avg": 0.23408123710010784,
            "min": 0.042125,
            "med": 0.1805,
            "max": 15.164916,
            "p(90)": 0.35775,
            "p(95)": 0.45065984999999925
        },
        "http_req_waiting": {
            "med": 0.162,
            "max": 13.779,
            "p(90)": 0.336,
            "p(95)": 0.421,
            "avg": 0.21340938355060807,
            "min": 0.025
        },
        "http_req_receiving": {
            "min": 0.003,
            "med": 0.005,
            "max": 7.613,
            "p(90)": 0.009,
            "p(95)": 0.012,
            "avg": 0.00691728207459603
        },
        "http_req_failed": {
            "fails": 422484,
            "passes": 0,
            "value": 0
        },
        "iterations": {
            "count": 422484,
            "rate": 32495.482187763315
        },
        "vus": {
            "value": 10,
            "min": 0,
            "max": 10
        },
        "http_req_sending": {
            "max": 8.278,
            "p(90)": 0.003,
            "p(95)": 0.005,
            "avg": 0.0022062089925137737,
            "min": 0.001,
            "med": 0.001
        },
        "http_req_duration{expected_response:true}": {
            "avg": 0.2225328746177171,
            "min": 0.032,
            "med": 0.17,
            "max": 13.831,
            "p(90)": 0.345,
            "p(95)": 0.434
        }
    },
    "root_group": {
        "name": "",
        "path": "",
        "id": "d41d8cd98f00b204e9800998ecf8427e",
        "groups": {},
        "checks": {}
    }
}