{
    "root_group": {
        "name": "",
        "path": "",
        "id": "d41d8cd98f00b204e9800998ecf8427e",
        "groups": {},
        "checks": {}
    },
    "metrics": {
        "http_req_tls_handshaking": {
            "avg": 0,
            "min": 0,
            "med": 0,
            "max": 0,
            "p(90)": 0,
            "p(95)": 0
        },
        "http_req_duration{expected_response:true}": {
            "p(95)": 2.230341099999999,
            "avg": 0.8388907883484019,
            "min": 0.072024,
            "med": 0.611362,
            "max": 33.85404,
            "p(90)": 1.6268509999999998
        },
        "http_req_failed": {
            "passes": 0,
            "fails": 112019,
            "value": 0
        },
        "http_req_waiting": {
            "p(95)": 2.1250539999999996,
            "avg": 0.7895182435658258,
            "min": 0.048561,
            "med": 0.57309,
            "max": 33.823532,
            "p(90)": 1.5562945999999995
        },
        "data_sent": {
            "count": 8961520,
            "rate": 688480.92448141
        },
        "vus_max": {
            "value": 10,
            "min": 10,
            "max": 10
        },
        "http_req_connecting": {
            "p(90)": 0,
            "p(95)": 0,
            "avg": 0.0000396153331131326,
            "min": 0,
            "med": 0,
            "max": 0.859066
        },
        "http_reqs": {
            "count": 112019,
            "rate": 8606.011556017625
        },
        "http_req_sending": {
            "p(95)": 0.010459,
            "avg": 0.01301654537176755,
            "min": 0.002754,
            "med": 0.005821,
            "max": 10.88951,
            "p(90)": 0.008095
        },
        "http_req_duration": {
            "max": 33.85404,
            "p(90)": 1.6268509999999998,
            "p(95)": 2.230341099999999,
            "avg": 0.8388907883484019,
            "min": 0.072024,
            "med": 0.611362
        },
        "iteration_duration": {
            "p(90)": 1.6752942,
            "p(95)": 2.291072099999996,
            "avg": 0.88248576321875,
            "min": 0.105678,
            "med": 0.649962,
            "max": 33.896559
        },
        "iterations": {
            "rate": 8606.011556017625,
            "count": 112019
        },
        "vus": {
            "min": 0,
            "max": 10,
            "value": 10
        },
        "http_req_receiving": {
            "p(95)": 0.06652499999999992,
            "avg": 0.036355999410813834,
            "min": 0.008716,
            "med": 0.016581,
            "max": 20.920404,
            "p(90)": 0.063228
        },
        "data_received": {
            "count": 71804179,
            "rate": 5516453.407407298
        },
        "http_req_blocked": {
            "avg": 0.0019000676313841523,
            "min": 0.000601,
            "med": 0.001372,
            "max": 5.409423,
            "p(90)": 0.001773,
            "p(95)": 0.002094
        }
    }
}