{
    "metrics": {
        "iteration_duration": {
            "min": 0.098584,
            "med": 0.6448799999999999,
            "max": 46.796714,
            "p(90)": 1.7002357000000001,
            "p(95)": 2.3605049999999994,
            "avg": 0.8939644305749057
        },
        "iterations": {
            "count": 110594,
            "rate": 8506.54396788389
        },
        "http_req_sending": {
            "p(95)": 0.01044,
            "avg": 0.012908950928621687,
            "min": 0.003036,
            "med": 0.005931,
            "max": 10.600449,
            "p(90)": 0.008246
        },
        "http_req_receiving": {
            "p(90)": 0.022452,
            "p(95)": 0.036558,
            "avg": 0.034623855163931426,
            "min": 0.008035,
            "med": 0.0162,
            "max": 37.368454
        },
        "data_sent": {
            "count": 8847520,
            "rate": 680523.5174307112
        },
        "http_req_duration{expected_response:true}": {
            "avg": 0.8521582323362892,
            "min": 0.072474,
            "med": 0.6067184999999999,
            "max": 46.469093,
            "p(90)": 1.6536622999999993,
            "p(95)": 2.2994574999999995
        },
        "http_req_tls_handshaking": {
            "avg": 0,
            "min": 0,
            "med": 0,
            "max": 0,
            "p(90)": 0,
            "p(95)": 0
        },
        "http_req_duration": {
            "min": 0.072474,
            "med": 0.6067184999999999,
            "max": 46.469093,
            "p(90)": 1.6536622999999993,
            "p(95)": 2.2994574999999995,
            "avg": 0.8521582323362892
        },
        "http_req_failed": {
            "passes": 0,
            "fails": 110594,
            "value": 0
        },
        "http_req_connecting": {
            "p(95)": 0,
            "avg": 0.000045763187876376656,
            "min": 0,
            "med": 0,
            "max": 0.940577,
            "p(90)": 0
        },
        "http_req_waiting": {
            "avg": 0.8046254262437362,
            "min": 0.051154,
            "med": 0.573311,
            "max": 40.169124,
            "p(90)": 1.584787,
            "p(95)": 2.1946711999999993
        },
        "data_received": {
            "count": 70890754,
            "rate": 5452694.683413574
        },
        "vus": {
            "min": 0,
            "max": 10,
            "value": 10
        },
        "http_reqs": {
            "count": 110594,
            "rate": 8506.54396788389
        },
        "http_req_blocked": {
            "max": 10.40317,
            "p(90)": 0.001773,
            "p(95)": 0.002054,
            "avg": 0.0019999347613796495,
            "min": 0.000621,
            "med": 0.001372
        },
        "vus_max": {
            "value": 10,
            "min": 10,
            "max": 10
        }
    },
    "root_group": {
        "name": "",
        "path": "",
        "id": "d41d8cd98f00b204e9800998ecf8427e",
        "groups": {},
        "checks": {}
    }
}