{
    "root_group": {
        "name": "",
        "path": "",
        "id": "d41d8cd98f00b204e9800998ecf8427e",
        "groups": {},
        "checks": {}
    },
    "metrics": {
        "http_req_blocked": {
            "avg": 0.0010921162423399178,
            "min": 0,
            "med": 0,
            "max": 39.73,
            "p(90)": 0.001,
            "p(95)": 0.001
        },
        "http_req_duration": {
            "avg": 0.10855866340873374,
            "min": 0.024,
            "med": 0.076,
            "max": 65.36,
            "p(90)": 0.17,
            "p(95)": 0.222
        },
        "data_sent": {
            "count": 58867360,
            "rate": 4528062.013309577
        },
        "http_req_failed": {
            "passes": 0,
            "fails": 735842,
            "value": 0
        },
        "http_req_receiving": {
            "avg": 0.013623958675941643,
            "min": 0.003,
            "med": 0.004,
            "max": 52.542,
            "p(90)": 0.011,
            "p(95)": 0.02
        },
        "vus_max": {
            "min": 10,
            "max": 10,
            "value": 10
        },
        "http_req_duration{expected_response:true}": {
            "max": 65.36,
            "p(90)": 0.17,
            "p(95)": 0.222,
            "avg": 0.10855866340873374,
            "min": 0.024,
            "med": 0.076
        },
        "http_req_connecting": {
            "avg": 0.00000860374917441516,
            "min": 0,
            "med": 0,
            "max": 1.145,
            "p(90)": 0,
            "p(95)": 0
        },
        "http_req_sending": {
            "p(90)": 0.003,
            "p(95)": 0.008,
            "avg": 0.004394160702998578,
            "min": 0.001,
            "med": 0.002,
            "max": 49.409
        },
        "iterations": {
            "count": 735842,
            "rate": 56600.775166369705
        },
        "data_received": {
            "count": 471674722,
            "rate": 36281096.88164298
        },
        "vus": {
            "value": 10,
            "min": 0,
            "max": 10
        },
        "iteration_duration": {
            "p(95)": 0.251083,
            "avg": 0.13067475148469326,
            "min": 0.030458,
            "med": 0.089041,
            "max": 134.062125,
            "p(90)": 0.190625
        },
        "http_reqs": {
            "rate": 56600.775166369705,
            "count": 735842
        },
        "http_req_tls_handshaking": {
            "avg": 0,
            "min": 0,
            "med": 0,
            "max": 0,
            "p(90)": 0,
            "p(95)": 0
        },
        "http_req_waiting": {
            "avg": 0.09054054402986157,
            "min": 0.019,
            "med": 0.067,
            "max": 65.245,
            "p(90)": 0.155,
            "p(95)": 0.201
        }
    }
}