{
    "root_group": {
        "checks": {},
        "name": "",
        "path": "",
        "id": "d41d8cd98f00b204e9800998ecf8427e",
        "groups": {}
    },
    "metrics": {
        "http_req_duration{expected_response:true}": {
            "p(95)": 0.25,
            "avg": 0.11987145096127234,
            "min": 0.024,
            "med": 0.074,
            "max": 88.141,
            "p(90)": 0.182
        },
        "iterations": {
            "count": 668033,
            "rate": 51384.24865978731
        },
        "vus": {
            "value": 10,
            "min": 0,
            "max": 10
        },
        "http_req_receiving": {
            "max": 73.367,
            "p(90)": 0.015,
            "p(95)": 0.024,
            "avg": 0.016167648903607824,
            "min": 0.003,
            "med": 0.005
        },
        "iteration_duration": {
            "med": 0.088166,
            "max": 109.406083,
            "p(90)": 0.2064168,
            "p(95)": 0.282166,
            "avg": 0.14404238634019448,
            "min": 0.031375
        },
        "http_reqs": {
            "count": 668033,
            "rate": 51384.24865978731
        },
        "http_req_waiting": {
            "min": 0.018,
            "med": 0.064,
            "max": 74.832,
            "p(90)": 0.165,
            "p(95)": 0.226,
            "avg": 0.09911345247916772
        },
        "http_req_duration": {
            "avg": 0.11987145096127234,
            "min": 0.024,
            "med": 0.074,
            "max": 88.141,
            "p(90)": 0.182,
            "p(95)": 0.25
        },
        "http_req_failed": {
            "fails": 668033,
            "passes": 0,
            "value": 0
        },
        "vus_max": {
            "min": 10,
            "max": 10,
            "value": 10
        },
        "http_req_blocked": {
            "avg": 0.0011885266146962222,
            "min": 0,
            "med": 0,
            "max": 38.322,
            "p(90)": 0.001,
            "p(95)": 0.002
        },
        "http_req_tls_handshaking": {
            "avg": 0,
            "min": 0,
            "med": 0,
            "max": 0,
            "p(90)": 0,
            "p(95)": 0
        },
        "data_received": {
            "count": 428209153,
            "rate": 32937303.390923664
        },
        "http_req_connecting": {
            "avg": 0.000010703064070188148,
            "min": 0,
            "med": 0,
            "max": 1.286,
            "p(90)": 0,
            "p(95)": 0
        },
        "data_sent": {
            "count": 53442640,
            "rate": 4110739.8927829848
        },
        "http_req_sending": {
            "avg": 0.004590349578557881,
            "min": 0.001,
            "med": 0.002,
            "max": 55.316,
            "p(90)": 0.004,
            "p(95)": 0.008
        }
    }
}